quarter,npl,brent,usdkzt
2010Q1,24.96,76.67,147.70
2010Q2,25.25,78.85,146.81
2010Q3,25.83,76.68,147.41
2010Q4,23.75,87.03,147.49
2011Q1,25.27,105.37,146.42
2011Q2,26.27,117.54,145.59
2011Q3,29.46,113.27,146.56
2011Q4,30.60,109.98,147.91
2012Q1,31.90,118.43,148.14
2012Q2,30.90,109.06,148.18
2012Q3,30.94,110.13,149.68
2012Q4,29.79,110.42,150.44
2013Q1,30.20,112.87,150.66
2013Q2,30.00,103.10,151.13
2013Q3,29.60,110.27,152.92
2013Q4,31.15,109.61,153.81
2014Q1,32.89,108.21,170.21
2014Q2,32.23,110.03,182.66
2014Q3,29.72,102.57,182.52
2014Q4,23.55,76.57,181.38
2015Q1,23.42,54.57,184.64
2015Q2,9.98,62.55,185.86
2015Q3,9.17,50.80,216.20
2015Q4,7.95,44.18,300.22
2016Q1,8.36,35.20,356.62
2016Q2,7.90,46.98,335.60
2016Q3,7.86,47.01,341.50
2016Q4,6.72,51.13,334.93
2017Q1,7.68,54.82,322.46
2017Q2,10.71,51.00,314.72
2017Q3,12.75,52.25,332.41
2017Q4,9.31,61.48,334.41
2018Q1,10.01,67.16,323.22
2018Q2,8.75,74.89,329.76
2018Q3,8.52,76.08,356.02
2018Q4,7.38,68.32,369.83
2019Q1,8.61,63.76,377.73
2019Q2,9.38,68.36,380.55
2019Q3,9.34,62.12,385.77
2019Q4,8.14,62.56,386.93
2020Q1,8.94,51.18,389.56
2020Q2,8.97,33.38,418.11
2020Q3,8.35,43.43,417.92
2020Q4,6.85,45.34,426.22
2021Q1,7.10,61.13,419.70
2021Q2,4.77,69.14,428.36
2021Q3,4.29,73.25,425.72
2021Q4,3.31,79.81,429.79
2022Q1,3.57,97.44,455.11
2022Q2,3.61,111.99,442.50
2022Q3,3.60,97.83,475.42
2022Q4,3.36,88.72,467.87
2023Q1,3.44,82.32,454.93
2023Q2,3.29,78.09,448.82
2023Q3,3.27,85.98,455.11
2023Q4,2.89,82.89,466.08
2024Q1,3.07,81.96,450.36
2024Q2,3.09,84.98,447.70
2024Q3,3.22,78.71,477.65
2024Q4,3.05,74.00,499.87
2025Q1,3.36,75.04,510.17
2025Q2,3.37,66.96,513.77
2025Q3,3.52,68.14,536.05
2025Q4,3.63,63.16,524.76
2026Q1,3.97,77.80,497.73
2026Q2,4.12,97.05,476.00
